{
    "CNOT": {
        "minimumtimes": [
            1.173e-6,
            2.2641111111111115e-6,
            4.317142857142857e-6,
            8.348333333333334e-6,
            1.6581e-5,
            3.3001e-5,
            6.7147e-5,
            0.000132734,
            0.000263979,
            0.000527379,
            0.001178557,
            0.003743063,
            0.008847688,
            0.018808545,
            0.038256483,
            0.077371071,
            0.155597866,
            0.311944853,
            0.636456942,
            1.277937407,
            2.549617211
        ],
        "stdtimes": [
            1.8048569154832017e-7,
            8.671339595118264e-8,
            1.258099373599083e-7,
            5.053850084024562e-7,
            1.1592323972694377e-6,
            2.285440663251539e-6,
            3.6660521409250307e-6,
            4.478653462716211e-6,
            7.4387432911282036e-6,
            4.385558940601226e-5,
            6.733826403301478e-5,
            0.00013951938400635466,
            0.00026610144428570174,
            0.0002027096199080515,
            0.00023773706339659333,
            0.00031846139788555553,
            0.005739505485616861,
            0.0016001539444781972,
            0.0011241458172383599,
            0.021112171813521766,
            0.051986742989955856
        ],
        "maximumtimes": [
            1.83757e-5,
            4.664222222222223e-6,
            8.276285714285713e-6,
            3.3767666666666665e-5,
            9.0004e-5,
            0.000163845,
            0.000245514,
            0.000323056,
            0.000657694,
            0.004470414,
            0.004062919,
            0.007950717,
            0.009800683,
            0.019595859,
            0.039236481,
            0.078805852,
            0.188642781,
            0.317643775,
            0.640389252,
            1.319202103,
            2.623137568
        ],
        "nqubits": [
            10,
            11,
            12,
            13,
            14,
            15,
            16,
            17,
            18,
            19,
            20,
            21,
            22,
            23,
            24,
            25,
            26,
            27,
            28,
            29,
            30
        ],
        "meantimes": [
            1.2131509e-6,
            2.328761411111111e-6,
            4.535208057142857e-6,
            8.958195233333335e-6,
            1.7762990200000002e-5,
            3.5382341699999995e-5,
            7.1733957e-5,
            0.00014187932800000002,
            0.00028232512949999996,
            0.0005643651813942909,
            0.0012065336955151516,
            0.0038579247480680064,
            0.009259198588888889,
            0.019126706832061066,
            0.03864297745384616,
            0.07800875247692309,
            0.157326557125,
            0.31427878775,
            0.63801704175,
            1.29694450125,
            2.5863773895
        ]
    },
    "RX": {
        "minimumtimes": [
            2.3443333333333336e-6,
            4.5831428571428565e-6,
            9.122e-6,
            1.7985e-5,
            3.5782e-5,
            7.1426e-5,
            0.000144097,
            0.000286565,
            0.000575164,
            0.001151149,
            0.002362572,
            0.005598332,
            0.011997453,
            0.024224938,
            0.048904677,
            0.098500598,
            0.197589588,
            0.397270541,
            0.799832257,
            1.598219315,
            3.297225171
        ],
        "stdtimes": [
            1.0417605444343872e-7,
            1.3230433419738566e-7,
            4.4053907454654936e-7,
            1.2899567379226641e-6,
            2.830610058917009e-6,
            2.1398549082078106e-6,
            4.243945572676056e-6,
            7.368933619470406e-6,
            4.231562893076391e-5,
            3.874801308665504e-5,
            4.241930384277812e-5,
            7.849660305528898e-5,
            0.0002461203374895737,
            0.0001751742892064719,
            0.00021750990835771216,
            0.0003205071155163121,
            0.0006900758936792355,
            0.0003764542815308354,
            0.01782157769887729,
            0.0020375716975272917,
            0.03454208565078979
        ],
        "maximumtimes": [
            6.821777777777778e-6,
            1.2485285714285715e-5,
            3.3365e-5,
            7.6568e-5,
            0.00024883,
            0.000150254,
            0.000288659,
            0.000453596,
            0.004293165,
            0.00320969,
            0.003149621,
            0.006214494,
            0.016791952,
            0.025060559,
            0.049951044,
            0.09982648,
            0.201319359,
            0.398748486,
            0.848112427,
            1.603139411,
            3.346075057
        ],
        "nqubits": [
            10,
            11,
            12,
            13,
            14,
            15,
            16,
            17,
            18,
            19,
            20,
            21,
            22,
            23,
            24,
            25,
            26,
            27,
            28,
            29,
            30
        ],
        "meantimes": [
            2.3836126666666665e-6,
            4.659835328571428e-6,
            9.2843977e-6,
            1.84720907e-5,
            3.6713102899999996e-5,
            7.302667239999999e-5,
            0.0001473799837,
            0.00029338220689999997,
            0.000586460008846426,
            0.0011736444234213008,
            0.002413142280599903,
            0.005750924109321058,
            0.012227614811735942,
            0.02458444371568627,
            0.049285666107843136,
            0.09903441766666667,
            0.19850375965384615,
            0.3977485823076923,
            0.8077228585714286,
            1.60061334075,
            3.321650114
        ]
    },
    "H": {
        "minimumtimes": [
            2.524777777777778e-6,
            4.9714285714285715e-6,
            9.864e-6,
            1.9584e-5,
            3.9037e-5,
            7.7933e-5,
            0.000164618,
            0.000311885,
            0.000623019,
            0.001245845,
            0.002666059,
            0.006142913,
            0.013088885,
            0.026111625,
            0.052459414,
            0.105134404,
            0.210879867,
            0.423612646,
            0.854743563,
            1.712024569,
            3.668417801
        ],
        "stdtimes": [
            1.984750762848003e-7,
            4.264142430502882e-6,
            2.0438402013784313e-6,
            3.388262977290819e-5,
            2.8567597935264946e-6,
            2.756640789255119e-5,
            4.174244096709623e-6,
            8.333354314785414e-6,
            4.134753923706012e-5,
            6.596167194890655e-5,
            0.000129933658112978,
            0.00015340401296918448,
            0.0005613473102441021,
            0.00016522167573180106,
            0.0002656787760317884,
            0.006382795783705879,
            0.00047132206061608175,
            0.00035491924318625155,
            0.0013994682369443997,
            0.0021151023824794706,
            0.0015761671782157183
        ],
        "maximumtimes": [
            1.1908e-5,
            0.00043090614285714283,
            0.000202822,
            0.003404848,
            0.00011763,
            0.002799814,
            0.000271151,
            0.000463252,
            0.003736122,
            0.004849779,
            0.007897402,
            0.01003817,
            0.022736208,
            0.026834682,
            0.053622501,
            0.149336508,
            0.212672979,
            0.424675285,
            0.85886131,
            1.716130535,
            3.670646838
        ],