{
    "ad": {
        "minimumtimes": [
            0.014242978,
            0.030582476,
            0.066058333,
            0.145561968,
            0.359604218,
            0.781171511,
            1.682070823,
            3.763445624,
            10.120394798,
            27.049560724,
            62.829470934,
            135.979740441,
            287.853749049,
            599.513534791,
            1289.174560235
        ],
        "stdtimes": [
            0.0008990878640760543,
            0.0007778799934503466,
            0.0012848908682161252,
            0.0021115679914729055,
            0.002888953169921096,
            0.0018438466819826246,
            0.00563868651169286,
            0.12551875948787541,
            null,
            null,
            null,
            null,
            null,
            null,
            null
        ],
        "maximumtimes": [
            0.023900617,
            0.03698846,
            0.075351986,
            0.158231887,
            0.371540329,
            0.786184888,
            1.692799414,
            3.940955956,
            10.120394798,
            27.049560724,
            62.829470934,
            135.979740441,
            287.853749049,
            599.513534791,
            1289.174560235
        ],
        "nqubits": [
            12,
            13,
            14,
            15,
            16,
            17,
            18,
            19,
            20,
            21,
            22,
            23,
            24,
            25,
            26
        ],
        "meantimes": [
            0.015165546356923076,
            0.031750656329113926,
            0.06717381169333332,
            0.14864840544117647,
            0.3634049069285714,
            0.784005767,
            1.6884383,
            3.85220079,
            10.120394798,
            27.049560724,
            62.829470934,
            135.979740441,
            287.853749049,
            599.513534791,
            1289.174560235
        ]
    },
    "vqc": {
        "minimumtimes": [
            0.002870418,
            0.006050217,
            0.012796742,
            0.02702166,
            0.0593609,
            0.128957114,
            0.271982781,
            0.572674392,
            1.256880578,
            3.564509578,
            8.857844975,
            19.418517257,
            41.224158386,
            86.375843536,
            179.637658049
        ],
        "stdtimes": [
            0.0004726580051514504,
            0.0001289294948886169,
            0.00021045050547176453,
            0.00030857836691703397,
            0.0003754999025817817,
            0.0009127516066976531,
            0.0012864118660228959,
            0.0025682846526587926,
            0.003530084915111096,
            0.02436544516103953,
            null,
            null,
            null,
            null,
            null
        ],
        "maximumtimes": [
            0.02140278,
            0.009202039,
            0.016227948,
            0.030574241,
            0.060989059,
            0.134318194,
            0.275964349,
            0.579628472,
            1.265108914,
            3.598967521,
            8.857844975,
            19.418517257,
            41.224158386,
            86.375843536,
            179.637658049
        ],
        "nqubits": [
            12,
            13,
            14,
            15,
            16,
            17,
            18,
            19,
            20,
            21,
            22,
            23,
            24,
            25,
            26
        ],
        "meantimes": [
            0.0029369601086434573,
            0.006153622168511685,
            0.013014293683116882,
            0.02745940175956284,
            0.06015209248809524,
            0.13045964010256408,
            0.2735122442105263,
            0.5756886662222223,
            1.26166384975,
            3.5817385495,
            8.857844975,
            19.418517257,
            41.224158386,
            86.375843536,
            179.637658049
        ]
    }
}
