{
    "CNOT": {
        "minimumtimes": [
            1.0115e-6,
            1.3587e-6,
            2.0842222222222223e-6,
            3.370625e-6,
            6.001833333333333e-6,
            1.108e-5,
            2.1431e-5,
            4.7655e-5,
            0.000107086,
            0.000212497,
            0.0004227,
            0.00094741,
            0.003438395,
            0.008654741,
            0.018204673,
            0.037191204,
            0.074773443,
            0.150665065,
            0.301490864,
            0.611008941,
            1.224378196
        ],
        "stdtimes": [
            4.756806181235606e-6,
            4.674457817127222e-6,
            5.271067903870592e-6,
            5.987026767420809e-6,
            2.7025518196960177e-7,
            9.283460763268693e-7,
            1.44529626483198e-6,
            2.5717283524444096e-6,
            3.893699270620898e-6,
            6.9525373658444095e-6,
            1.3573924566279404e-5,
            6.515949927231857e-5,
            0.0001627367482698794,
            0.00026621928888252824,
            0.0001778452262073316,
            0.00023643767878181476,
            0.0003361174873007959,
            0.00035875607573997875,
            0.000367559878387502,
            0.0006514823985484523,
            0.0012760713761663179
        ],
        "maximumtimes": [
            0.0004764865,
            0.00046800279999999997,
            0.0005287662222222222,
            0.000601127,
            1.1942166666666666e-5,
            7.402e-5,
            0.000100331,
            0.000175276,
            0.000328492,
            0.000659634,
            0.001297257,
            0.003805106,
            0.007350155,
            0.009655412,
            0.018946016,
            0.03829158,
            0.076782338,
            0.152141962,
            0.30277533,
            0.613312595,
            1.227391236
        ],
        "nqubits": [
            10,
            11,
            12,
            13,
            14,
            15,
            16,
            17,
            18,
            19,
            20,
            21,
            22,
            23,
            24,
            25,
            26,
            27,
            28,
            29,
            30
        ],
        "meantimes": [
            1.2062622199999997e-6,
            1.5670954599999998e-6,
            2.3049389222222226e-6,
            3.6240175625e-6,
            6.200771066666667e-6,
            1.1237471499999999e-5,
            2.17767698e-5,
            4.86374612e-5,
            0.0001089405277,
            0.0002152756781,
            0.0004285172158,
            0.0009791733085106383,
            0.003650805363569861,
            0.009083253125454546,
            0.018468632553505535,
            0.037599501563909773,
            0.07522970156716419,
            0.15142970311764706,
            0.3018558398823529,
            0.6116944267777777,
            1.225119561
        ]
    },
    "RX": {
        "minimumtimes": [
            2.032444444444444e-6,
            3.378125e-6,
            5.968833333333333e-6,
            1.1005e-5,
            2.1364e-5,
            4.1804e-5,
            8.2846e-5,
            0.000166594,
            0.000330954,
            0.000635143,
            0.001303772,
            0.002596186,
            0.005997441,
            0.012792234,
            0.025636866,
            0.05157492,
            0.103274629,
            0.20729563,
            0.418443276,
            0.849581955,
            1.709874314
        ],
        "stdtimes": [
            4.733470405529268e-6,
            8.410267747733799e-6,
            7.199195594283894e-6,
            1.2896934232612767e-6,
            1.553685649656582e-6,
            1.8971240625880626e-6,
            3.2859285461995095e-6,
            5.205240986972169e-6,
            3.0331068597767255e-5,
            4.360334481096165e-5,
            5.941450742145683e-5,
            8.733437677203308e-5,
            0.00021384580634376695,
            9.896737318085715e-5,
            0.00011254098734447715,
            0.0001777777393201726,
            0.005054494236975729,
            0.00036219015941848837,
            0.0006632976186190629,
            0.0005313164804338057,
            0.01811833893520322
        ],
        "maximumtimes": [
            0.00047471233333333334,
            0.000549294625,
            0.0007251786666666666,
            9.487e-5,
            8.4943e-5,
            9.5977e-5,
            0.000238825,
            0.0003338,
            0.003203302,
            0.003899634,
            0.004669514,
            0.006084752,
            0.010876291,
            0.01349536,
            0.026163934,
            0.052284716,
            0.138651675,
            0.208849745,
            0.420960097,
            0.851078568,
            1.741586933
        ],
        "nqubits": [
            10,
            11,
            12,
            13,
            14,
            15,
            16,
            17,
            18,
            19,
            20,
            21,
            22,
            23,
            24,
            25,
            26,
            27,
            28,
            29,
            30
        ],
        "meantimes": [
            2.271132944444445e-6,
            3.7830556499999997e-6,
            6.352404766666666e-6,
            1.14792661e-5,
            2.1933368999999998e-5,
            4.28275795e-5,
            8.430180349999999e-5,
            0.0001694505268,
            0.00033738877269999995,
            0.0006659808223948567,
            0.0013198897175410705,
            0.0026358870137348123,
            0.006138445412776412,
            0.012955306795336788,
            0.025794240850515463,
            0.05185456797938144,
            0.10444968529166668,
            0.20807813556000002,
            0.4190444674166667,
            0.8505467551666667,
            1.720669278
        ]
    },
    "H": {
        "minimumtimes": [
            1.615e-6,
            2.8173333333333335e-6,
            5.279e-6,
            1.0039e-5,
            1.9611e-5,
            3.8671e-5,
            7.7758e-5,
            0.000157044,
            0.00031168,
            0.000620752,
            0.001245182,
            0.002527295,
            0.005943882,
            0.012750588,
            0.025503423,
            0.051401152,
            0.102891421,
            0.206281659,
            0.417047807,
            0.848463921,
            1.70312045
        ],
        "stdtimes": [
            1.1115780735597177e-5,
            1.7382199150421052e-7,
            3.579668209399056e-7,
            6.008099694210188e-7,
            9.862332716545928e-7,
            2.409886718437188e-6,
            2.1331613326801993e-6,
            2.5741184559418895e-5,
            1.2542819645397787e-5,
            2.01260559808413e-5,
            1.694004901756598e-5,
            3.6863394518713416e-5,
            7.405368589368846e-5,
            0.0006946251948865445,
            0.0002868465709810373,
            0.00022050743730946538,
            0.0003083254723983171,
            0.0003456377465774921,
            0.00039952821502294955,
            0.0004022842889006065,
            0.00045412832705781886
        ],
        "maximumtimes": [
            0.0011132168999999999,
            1.0900555555555555e-5,
            2.8910666666666667e-5,
            3.3083e-5,
            7.615e-5,
            0.000171449,
            0.000157175,
            0.002708173,
            0.000484203,
            0.000857646,
            0.001759634,
            0.003371162,
            0.006584154,
            0.026410576,
            0.029366335,
            0.052931823,
            0.10428246,
            0.20772195,
            0.418364953,
            0.84950951,
            1.703976183
        ],