{
    "ad": {
        "minimumtimes": [
            0.007535718,
            0.015852459,
            0.033728261,
            0.072124014,
            0.155305431,
            0.333949427,
            0.706454639,
            1.486705462,
            3.125486355,
            6.639559171,
            14.161742247,
            29.87120525,
            62.601478462,
            131.14725844,
            274.187966226
        ],
        "stdtimes": [
            0.0008163885010688337,
            0.0007698626331018431,
            0.0007416801598585587,
            0.0005117153298862413,
            0.0009219447618924527,
            0.0021816064568601036,
            0.0028115594209042697,
            0.006390493742565593,
            0.0047406736707784995,
            null,
            null,
            null,
            null,
            null,
            null
        ],
        "maximumtimes": [
            0.018763775,
            0.027295546,
            0.040256246,
            0.075832076,
            0.159069011,
            0.342818414,
            0.71548537,
            1.500557626,
            3.13219068,
            6.639559171,
            14.161742247,
            29.87120525,
            62.601478462,
            131.14725844,
            274.187966226
        ],
        "nqubits": [
            12,
            13,
            14,
            15,
            16,
            17,
            18,
            19,
            20,
            21,
            22,
            23,
            24,
            25,
            26
        ],
        "meantimes": [
            0.007731908713836478,
            0.016216659080906148,
            0.03415219634693877,
            0.07274142105797102,
            0.1565058346875,
            0.33717963646666665,
            0.710727482875,
            1.492842355,
            3.1288385175,
            6.639559171,
            14.161742247,
            29.87120525,
            62.601478462,
            131.14725844,
            274.187966226
        ]
    },
    "vqc": {
        "minimumtimes": [
            0.00214888,
            0.004544483,
            0.009822947,
            0.021220187,
            0.045673065,
            0.098570012,
            0.210317614,
            0.446842746,
            0.947037659,
            1.999787885,
            4.286567958,
            9.073618783,
            19.070239396,
            39.899430169,
            83.436689436
        ],
        "stdtimes": [
            0.00022241475435596077,
            0.000151197885043516,
            6.764777981356111e-5,
            0.00031951137668020116,
            0.00021995967615056242,
            0.0007648414641492434,
            0.0007067516167114742,
            0.0009631321496508465,
            0.0005169270350199983,
            0.0011218163426186718,
            0.00028074472665483855,
            null,
            null,
            null,
            null
        ],
        "maximumtimes": [
            0.012578385,
            0.00932723,
            0.010134446,
            0.025920678,
            0.046738782,
            0.104161577,
            0.213971197,
            0.45076039,
            0.948335451,
            2.001933855,
            4.286964991,
            9.073618783,
            19.070239396,
            39.899430169,
            83.436689436
        ],
        "nqubits": [
            12,
            13,
            14,
            15,
            16,
            17,
            18,
            19,
            20,
            21,
            22,
            23,
            24,
            25,
            26
        ],
        "meantimes": [
            0.0021836402401610015,
            0.004597914180312787,
            0.009913097417821782,
            0.021412879602564105,
            0.04604564133027523,
            0.09937055862745099,
            0.21130528925,
            0.4483672128333333,
            0.9474446198333334,
            2.0006718593333335,
            4.2867664745,
            9.073618783,
            19.070239396,
            39.899430169,
            83.436689436
        ]
    }
}
